Student_ID,Age,Gender,CGPA,Attendance,Programming,Data_Structures,Algorithms,DBMS,Operating_Systems,Computer_Networks,OOP,Python,Java,SQL,Web_Development,Git_GitHub,Cloud_Computing,AI_ML,Communication,Problem_Solving,Teamwork,Internship,Projects,Certifications,Aptitude,Average_Skill,Industry_Requirement,Skill_Gap,Employability
1001,23,Female,8.14,84,41,47,49,92,47,92,86,97,66,95,74,38,93,86,45,49,85,0,2,2,98,69.53,89,19.47,No
1002,24,Female,8.85,95,88,52,73,84,93,69,54,85,84,97,44,97,85,48,95,63,63,0,4,5,58,74.94,87,12.06,No
1003,22,Female,7.44,86,52,47,55,51,91,74,43,52,62,100,48,75,70,94,81,57,73,1,5,2,100,66.18,86,19.82,No
1004,24,Male,6.07,97,43,96,87,100,59,74,68,66,85,85,68,96,61,32,68,88,85,0,3,0,99,74.18,75,0.82,No
1005,24,Female,6.78,66,65,62,90,87,71,88,98,75,47,83,45,55,44,71,54,57,61,0,2,4,72,67.82,77,9.18,No
1006,21,Male,7.13,64,64,82,100,72,89,78,48,46,47,43,64,37,91,50,68,46,50,1,2,3,43,63.24,80,16.76,No
1007,22,Male,8.41,90,69,40,78,84,53,66,66,61,98,68,70,35,56,69,43,43,87,1,3,2,81,63.88,82,18.12,No
1008,22,Male,8.07,82,50,84,61,65,89,65,65,49,65,62,61,53,57,96,57,65,47,0,2,0,42,64.18,78,13.82,No
1009,22,Male,7.1,69,46,90,51,78,67,53,58,78,86,45,41,77,93,54,89,44,78,1,3,3,66,66.35,79,12.65,No
1010,24,Female,9.94,91,70,63,63,67,85,56,95,92,98,71,84,74,88,84,96,99,82,1,1,4,91,80.41,83,2.59,Yes
1011,23,Female,8.23,89,83,74,86,97,91,57,67,54,52,81,44,42,87,81,88,94,74,0,4,5,80,73.65,80,6.35,Yes
1012,22,Male,6.57,98,49,63,79,44,92,84,56,54,78,57,99,98,31,73,83,55,88,0,4,2,74,69.59,86,16.41,No
1013,24,Male,5.96,90,78,56,77,47,63,91,82,43,76,54,66,54,65,85,78,74,85,1,5,5,67,69.06,81,11.94,No
1014,21,Male,6.19,77,52,44,99,64,54,68,96,71,88,79,64,49,100,84,55,65,77,0,2,0,45,71.12,81,9.88,No
1015,23,Female,6.61,95,70,59,98,66,61,59,80,62,67,97,47,95,42,99,50,57,47,1,5,5,45,68,78,10,No
1016,21,Male,6.22,61,46,60,49,85,69,92,81,94,64,71,94,74,44,95,53,68,93,1,1,5,94,72.47,78,5.53,No
1017,23,Male,6.34,73,95,79,74,62,43,66,89,45,100,48,40,76,89,48,42,62,76,0,4,0,96,66.71,78,11.29,No
1018,24,Female,6.78,72,88,97,90,69,52,57,59,63,55,76,59,92,51,36,90,92,66,0,1,0,83,70.12,88,17.88,No
1019,20,Female,6.28,88,81,70,88,84,98,43,84,59,94,49,83,84,92,92,89,53,67,1,1,2,62,77.06,89,11.94,No
1020,23,Male,9.54,71,100,85,71,86,62,40,79,97,41,59,62,48,54,71,81,54,79,1,2,5,72,68.76,85,16.24,No
1021,21,Female,5.86,98,81,75,46,62,47,89,78,76,93,45,71,64,77,71,77,88,73,1,1,3,55,71.35,79,7.65,No
1022,24,Female,7.86,61,95,50,60,88,57,40,88,59,57,87,50,82,72,88,84,72,71,1,4,0,63,70.59,79,8.41,Yes
1023,23,Male,7.35,91,75,91,59,86,51,97,92,51,56,95,78,55,67,49,81,64,54,0,5,4,44,70.65,82,11.35,No
1024,20,Female,9.92,72,59,54,65,59,94,65,62,72,69,98,86,43,70,46,57,60,83,1,4,5,80,67.18,83,15.82,No
1025,20,Male,6,86,43,58,43,57,70,84,86,67,78,42,93,74,74,56,97,56,56,1,2,0,81,66.71,76,9.29,No
1026,22,Female,7.29,100,93,46,85,57,53,59,71,47,52,81,63,73,69,76,59,62,72,1,4,3,52,65.76,85,19.24,No
1027,22,Male,9.86,76,46,90,91,41,73,91,91,40,71,50,50,94,46,31,97,96,86,0,3,2,86,69.65,81,11.35,No
1028,21,Male,9.39,99,93,67,61,43,57,62,86,76,89,82,68,80,86,92,87,82,85,0,5,5,51,76.24,75,-1.24,Yes
1029,23,Male,9.18,90,40,90,54,69,95,49,72,61,68,56,93,72,31,91,64,56,91,1,3,0,44,67.76,90,22.24,No
1030,23,Female,6.66,93,83,82,95,72,73,98,96,45,85,71,65,52,91,48,96,97,93,1,3,0,76,78.94,75,-3.94,No
1031,22,Male,6.27,83,95,97,79,75,50,50,85,100,69,43,55,85,38,46,77,53,55,0,2,4,70,67.76,78,10.24,No
1032,23,Female,8.51,94,84,44,60,57,80,80,44,60,57,43,74,48,97,98,52,68,68,0,1,4,67,65.53,84,18.47,No
1033,23,Male,9.68,65,81,44,54,76,51,80,82,71,52,56,59,84,46,68,43,59,48,1,3,5,67,62,81,19,No
1034,20,Male,8.01,78,86,69,61,58,88,44,87,74,82,80,85,89,79,100,94,69,72,1,4,0,69,77.47,76,-1.47,No
1035,22,Female,8.07,89,98,93,91,86,54,97,73,54,60,58,42,88,69,68,53,58,99,0,1,5,57,73,85,12,No
1036,24,Male,6.76,66,52,71,67,67,96,40,79,44,69,44,40,62,87,65,72,92,88,0,4,0,83,66.76,76,9.24,No
1037,22,Male,8.96,69,94,47,53,79,70,56,50,99,60,71,97,48,50,69,67,78,68,0,4,4,66,68,75,7,Yes
1038,24,Female,6.34,100,61,49,66,59,88,61,100,95,87,61,92,57,47,74,91,95,52,1,1,3,74,72.65,84,11.35,No
1039,20,Male,6.96,91,93,77,100,88,97,73,89,85,94,95,86,81,84,33,76,52,60,1,1,1,65,80.18,76,-4.18,No
1040,21,Male,7.41,93,60,86,80,72,68,95,42,89,56,45,40,78,58,54,47,57,97,1,4,1,96,66.12,87,20.88,No
1041,23,Male,7.78,87,61,71,79,51,65,84,97,87,79,74,56,66,53,98,83,62,60,1,2,0,78,72.12,89,16.88,No
1042,20,Male,6.59,74,67,87,97,97,57,80,72,45,58,61,41,55,46,59,73,85,44,0,5,4,88,66.12,81,14.88,No
1043,23,Female,6.02,89,48,67,67,90,71,68,50,64,91,40,68,69,47,97,83,72,49,1,5,2,90,67.12,83,15.88,No
1044,21,Female,8.25,96,65,56,65,54,61,43,55,95,54,59,59,67,71,58,44,78,45,1,2,2,99,60.53,80,19.47,No
1045,21,Male,6.8,88,48,70,88,80,77,44,57,85,48,61,45,83,74,97,93,79,95,0,1,1,57,72,84,12,No
1046,20,Female,8.12,81,54,47,41,78,56,50,69,98,91,87,47,51,46,80,44,57,90,0,4,3,72,63.88,76,12.12,No
1047,21,Male,6.19,63,49,79,64,41,62,95,87,95,49,94,68,45,43,53,70,48,96,1,5,1,64,66.94,86,19.06,No
1048,24,Female,7.67,79,63,64,95,68,63,90,94,79,83,50,87,57,78,43,84,72,52,1,4,0,95,71.88,89,17.12,No
1049,21,Male,7.9,91,97,48,42,80,89,60,49,68,70,52,90,64,58,98,48,71,40,0,2,3,70,66.12,84,17.88,No
1050,23,Male,5.73,95,96,41,47,49,47,74,57,46,92,98,72,89,33,47,81,100,59,1,4,2,76,66.35,89,22.65,No
1051,23,Male,7.01,63,100,54,83,41,80,51,77,79,62,81,42,74,49,71,71,93,96,1,2,4,98,70.82,84,13.18,No
1052,23,Male,6.1,86,81,89,72,90,45,65,58,52,91,42,99,75,76,86,72,56,86,0,1,4,99,72.65,87,14.35,No
1053,23,Male,5.79,76,47,42,81,50,44,90,75,77,69,48,74,84,38,41,42,58,85,0,2,0,41,61.47,83,21.53,No
1054,24,Male,9.95,71,63,88,91,52,83,58,98,57,72,99,44,55,56,46,69,66,47,0,2,1,72,67.29,81,13.71,No
1055,22,Female,6.95,81,55,75,74,49,96,84,52,41,96,51,66,54,44,59,89,45,49,1,5,0,78,63.47,85,21.53,No
1056,20,Male,9.14,76,88,43,45,53,68,99,95,47,91,62,83,94,48,52,51,74,48,0,4,4,100,67.12,75,7.88,No
1057,23,Female,6.65,69,65,53,78,57,67,46,85,50,48,53,51,35,81,30,68,95,88,0,5,2,82,61.76,86,24.24,No
1058,21,Male,8.57,60,66,80,91,90,50,86,42,72,93,72,59,52,55,61,42,76,80,1,3,4,82,68.65,83,14.35,No
1059,23,Female,8.92,81,76,80,62,93,96,94,49,93,86,57,84,93,55,38,65,73,42,1,2,3,71,72.71,76,3.29,Yes
1060,21,Female,8.18,85,43,64,64,48,40,46,77,100,40,88,59,72,55,44,96,59,50,0,3,5,57,61.47,78,16.53,No
1061,21,Female,7.62,77,89,97,98,96,82,65,40,77,83,98,48,52,75,57,100,64,51,1,5,4,56,74.82,83,8.18,No
1062,23,Male,7.35,73,63,94,89,78,58,79,94,87,74,80,78,59,78,53,69,43,49,1,4,4,73,72.06,90,17.94,No
1063,24,Male,7.07,88,58,89,82,67,48,44,95,66,50,48,43,47,82,89,48,49,64,1,5,5,78,62.88,78,15.12,No
1064,21,Female,9.68,71,75,49,58,42,66,60,66,59,73,62,90,50,32,64,65,49,88,1,4,3,46,61.65,90,28.35,No
1065,21,Male,9.24,95,99,60,44,59,73,53,85,51,55,49,93,86,95,56,41,63,88,0,4,1,81,67.65,77,9.35,No
1066,23,Female,9.84,94,78,75,90,45,83,43,47,82,48,58,58,52,71,49,42,60,64,1,1,4,93,61.47,75,13.53,No
1067,21,Male,6.06,71,49,51,50,66,43,62,90,100,71,100,77,74,48,94,85,50,50,1,2,0,92,68.24,81,12.76,No
1068,21,Female,8.79,66,64,66,95,92,75,81,85,70,54,86,66,73,46,78,43,66,93,1,5,4,74,72.53,89,16.47,No
1069,23,Female,9.72,88,57,79,51,41,57,59,81,66,51,44,84,76,62,30,64,55,75,1,4,0,69,60.71,80,19.29,No
1070,23,Male,6.32,70,58,41,49,68,54,54,56,71,72,86,82,69,78,39,90,65,78,1,5,3,51,65.29,84,18.71,No
1071,20,Female,5.8,92,75,93,47,77,90,89,48,100,84,91,52,80,85,76,52,100,92,0,5,4,74,78.29,90,11.71,No
1072,24,Male,8.84,65,49,52,63,42,52,91,100,49,53,62,52,71,92,88,78,100,65,1,4,3,50,68.18,78,9.82,Yes
1073,24,Female,8.09,74,72,92,99,55,58,84,45,42,96,69,99,36,32,91,83,69,53,1,3,3,100,69.12,80,10.88,No
1074,21,Female,9.29,91,94,71,67,69,88,68,82,84,96,64,96,79,78,47,74,88,78,1,2,1,83,77.82,80,2.18,Yes
1075,24,Male,6.13,70,89,70,80,79,45,47,64,66,47,67,61,77,84,75,94,55,95,0,2,4,96,70.29,87,16.71,No
1076,21,Male,9.08,82,44,55,75,41,87,80,78,74,47,73,67,35,55,61,62,46,79,1,1,0,43,62.29,90,27.71,No
1077,20,Male,6.41,85,86,71,76,56,95,87,88,70,66,84,91,38,81,56,48,55,40,1,1,0,64,69.88,78,8.12,No
1078,23,Female,6.24,93,88,71,60,80,51,58,99,54,51,95,86,86,36,47,41,74,95,0,1,4,87,68.94,88,19.06,No
1079,23,Male,6.24,93,74,99,47,51,90,87,67,55,40,87,92,60,75,68,100,97,93,1,2,5,71,75.41,87,11.59,No
1080,23,Female,9.17,88,83,73,94,74,76,78,72,100,82,86,84,50,75,78,93,55,43,1,3,1,59,76.24,80,3.76,No
1081,24,Female,8.49,63,73,50,48,82,56,85,93,52,79,64,61,69,45,73,80,79,100,1,2,1,89,69.94,84,14.06,No
1082,20,Male,7.85,76,72,49,86,40,97,67,76,88,81,49,82,74,53,83,83,51,69,1,2,1,70,70.59,85,14.41,No
1083,24,Male,7.11,94,94,54,54,94,62,85,48,74,90,53,58,78,90,63,70,74,51,1,2,0,43,70.12,82,11.88,No
1084,24,Female,9.45,72,60,56,87,84,65,96,57,91,50,81,47,49,83,100,83,88,95,0,2,3,93,74.82,87,12.18,No
1085,20,Female,7.27,100,56,79,85,54,68,66,95,50,78,96,91,46,91,65,86,60,74,1,3,5,77,72.94,77,4.06,No
1086,20,Male,9.17,98,61,57,79,65,72,43,98,98,82,85,47,57,30,47,41,89,52,1,1,1,92,64.88,78,13.12,No
1087,20,Male,7.48,74,87,94,57,76,99,97,60,60,70,97,81,70,78,67,71,82,91,1,5,0,86,78.65,84,5.35,Yes
1088,20,Male,7.2,88,76,48,81,60,66,54,41,90,56,69,65,95,54,88,57,75,70,1,1,0,40,67.35,87,19.65,No
1089,23,Male,7.58,88,54,64,99,88,64,74,100,93,72,94,87,54,39,38,52,87,77,1,1,3,42,72.71,86,13.29,No
1090,22,Male,6.86,70,74,79,59,70,95,76,97,50,71,80,90,87,45,80,85,56,82,0,5,4,76,75.06,88,12.94,No
1091,22,Female,8.86,91,67,98,45,64,94,40,82,69,97,64,65,70,87,64,44,71,62,1,2,4,61,69.59,89,19.41,No
1092,20,Female,7.76,61,46,53,51,62,49,42,98,99,68,53,62,35,58,34,97,80,43,0,3,1,56,60.59,75,14.41,No
1093,22,Female,6.54,73,71,99,41,63,86,86,99,87,60,74,82,67,35,43,81,45,91,0,3,1,53,71.18,78,6.82,No
1094,22,Female,9.55,79,50,97,46,96,62,63,77,92,60,91,52,35,45,59,83,63,55,0,1,5,80,66.24,85,18.76,No
1095,20,Male,7.23,81,49,64,55,77,60,66,97,74,79,87,67,74,49,33,49,66,46,1,5,3,74,64.24,84,19.76,No
1096,22,Male,7.95,70,48,89,42,67,60,79,79,61,62,73,48,43,100,68,95,59,61,0,4,1,97,66.71,84,17.29,No
1097,24,Male,9.58,86,53,61,84,60,82,100,75,77,95,49,59,95,72,93,82,64,68,0,2,3,52,74.65,86,11.35,No
1098,21,Female,8.31,62,52,91,42,93,52,75,89,70,45,74,95,69,55,54,64,41,50,0,1,0,74,65.35,88,22.65,No
1099,21,Female,6.03,76,100,69,66,82,76,73,99,53,61,50,58,32,100,57,73,48,95,0,3,1,82,70.12,83,12.88,No
1100,20,Male,9.73,87,96,59,89,57,72,68,82,63,89,50,87,53,62,95,76,67,72,1,5,0,41,72.76,82,9.24,No
1101,23,Male,8.32,88,64,60,82,75,63,63,76,89,77,60,78,48,55,51,69,92,97,1,5,2,95,70.53,85,14.47,No
1102,20,Female,7.01,80,41,83,79,74,83,63,54,88,76,60,90,47,74,60,46,100,68,0,1,3,86,69.76,78,8.24,No
1103,23,Female,6.13,75,74,71,77,84,50,81,67,71,84,61,51,93,92,52,45,77,98,1,4,2,52,72.24,86,13.76,No
1104,21,Male,9.07,96,46,90,72,94,56,43,57,75,90,84,54,64,96,77,93,42,78,1,3,1,90,71.24,81,9.76,No
1105,20,Male,8.29,79,60,85,67,48,43,42,73,71,93,46,70,91,81,49,94,59,51,1,1,0,93,66.06,84,17.94,No
1106,24,Female,7.9,65,57,88,40,92,86,73,61,94,47,94,94,30,97,67,42,45,46,0,4,1,55,67.82,77,9.18,No
1107,22,Male,9.52,78,42,95,94,77,64,96,50,54,80,56,53,54,55,84,52,78,98,1,5,2,57,69.53,83,13.47,No
1108,23,Male,9.05,64,81,60,47,97,69,88,97,82,88,41,50,74,31,97,42,72,94,0,2,1,46,71.18,84,12.82,No
1109,22,Male,6.18,62,93,74,76,69,48,62,96,97,74,51,65,78,43,30,65,94,78,0,3,5,84,70.18,78,7.82,No
1110,22,Female,6.9,60,100,97,71,99,60,92,52,74,90,96,81,45,59,36,96,40,81,0,3,4,75,74.65,76,1.35,No
1111,20,Female,6.62,97,78,71,99,83,59,95,43,42,50,81,66,48,78,86,63,76,87,1,4,2,80,70.88,84,13.12,No
1112,22,Female,8.85,74,80,69,87,73,58,91,61,55,63,57,50,52,41,41,92,45,65,0,1,1,69,63.53,79,15.47,No
1113,24,Female,5.65,93,88,94,82,71,58,62,46,44,88,93,77,54,73,34,45,84,79,0,5,0,81,68.94,76,7.06,No
1114,22,Female,8.06,94,50,78,76,42,51,84,100,60,60,98,73,45,62,79,82,73,48,0,4,1,80,68.29,88,19.71,No
1115,20,Female,8.93,84,78,88,43,42,76,44,82,100,90,50,82,83,42,71,99,86,80,1,2,0,46,72.71,84,11.29,No
1116,24,Female,9.45,83,63,51,69,67,81,70,93,49,41,55,58,30,55,41,97,54,73,1,2,4,54,61.59,90,28.41,No
1117,21,Male,7.04,71,99,80,45,83,56,92,63,58,79,88,45,71,50,47,88,84,84,0,2,1,99,71.29,80,8.71,No
1118,22,Male,9.2,77,85,86,85,54,76,80,43,64,58,90,85,48,57,95,81,65,52,1,4,4,79,70.82,85,14.18,No
1119,20,Male,6,74,58,57,93,80,93,96,67,43,78,57,91,63,77,46,51,96,94,1,5,2,58,72.94,84,11.06,No
1120,21,Male,9.31,75,43,60,58,62,87,100,54,100,67,74,77,84,69,97,88,53,94,1,3,0,82,74.53,75,0.47,No
1121,21,Male,6.07,86,65,52,71,79,78,96,40,68,98,92,88,47,95,100,75,97,75,0,1,5,76,77.41,88,10.59,No
1122,23,Male,7.29,67,77,60,48,50,67,99,94,58,56,98,81,63,52,91,41,93,64,1,3,2,41,70.12,80,9.88,No
1123,24,Male,9.09,84,81,47,51,87,80,93,42,82,45,65,67,74,77,70,50,46,63,0,5,0,81,65.88,78,12.12,No
1124,22,Female,6.17,76,71,85,50,71,74,45,53,41,58,55,40,35,31,63,78,85,83,1,3,4,87,59.88,77,17.12,No
1125,20,Female,6.53,88,78,79,85,97,86,76,77,49,95,45,74,50,49,99,73,97,56,0,4,3,94,74.41,76,1.59,No
1126,23,Male,8.75,67,84,85,94,98,87,96,89,100,77,96,79,99,88,74,65,70,41,0,2,1,52,83.65,81,-2.65,No
1127,24,Male,8.74,74,85,46,55,96,57,49,96,82,67,83,47,77,75,87,57,63,52,0,5,4,79,69.06,83,13.94,No
1128,23,Female,8.39,86,75,62,40,93,53,79,40,64,41,82,98,68,32,80,60,98,70,1,5,0,80,66.76,86,19.24,No
1129,24,Male,8.62,66,79,83,84,75,74,46,77,59,77,86,91,60,84,63,75,70,68,0,3,0,82,73.59,77,3.41,Yes
1130,24,Male,7.94,62,76,71,94,99,83,78,77,87,94,86,93,39,41,73,79,68,89,1,4,0,82,78.06,90,11.94,No
1131,22,Female,6.63,88,72,50,92,72,80,77,60,58,76,87,86,59,69,44,91,81,67,0,3,0,94,71.82,80,8.18,No
1132,24,Male,7.06,83,75,61,60,63,99,60,87,62,90,81,95,47,95,99,85,71,99,1,3,1,97,78.18,83,4.82,Yes
1133,23,Female,6.32,62,42,61,69,78,46,100,68,63,91,51,46,89,45,79,83,56,66,1,5,2,70,66.65,90,23.35,No
1134,24,Male,9.59,79,48,82,52,73,80,59,44,50,43,99,50,44,63,61,61,53,54,1,3,5,55,59.76,76,16.24,No
1135,22,Female,8.13,74,47,64,73,95,52,42,88,85,61,52,78,33,73,96,92,79,70,1,2,3,81,69.41,81,11.59,No
1136,22,Female,7.3,84,72,61,43,67,57,90,49,73,65,43,100,92,35,32,98,75,79,1,3,1,100,66.53,79,12.47,No
1137,23,Female,7.58,89,98,67,67,76,76,61,67,94,88,78,43,69,93,80,69,97,54,0,2,0,95,75.12,79,3.88,No
1138,21,Male,9.76,73,45,68,77,46,52,86,60,67,82,93,64,38,51,96,89,87,72,1,5,1,83,69,85,16,No
1139,21,Female,6.19,66,80,52,97,43,75,43,89,44,75,41,51,38,47,77,82,63,59,0,4,4,96,62.12,81,18.88,No
1140,24,Male,8.14,76,78,57,70,76,70,67,46,98,97,65,65,55,41,46,100,84,81,1,2,5,45,70.35,83,12.65,No
1141,20,Male,7.78,79,43,41,98,95,41,51,42,44,52,98,77,33,81,36,99,93,51,1,4,0,67,63.24,78,14.76,No
1142,24,Male,8.25,95,52,68,94,40,55,77,84,90,91,66,85,45,80,42,69,66,76,0,4,3,71,69.41,83,13.59,No
1143,23,Male,5.58,68,88,60,66,40,48,90,86,60,97,66,51,44,100,95,47,64,48,0,2,0,83,67.65,89,21.35,No
1144,23,Female,9.42,97,99,54,44,86,48,75,59,51,71,54,82,81,77,33,73,98,62,1,5,5,49,67.47,90,22.53,No
1145,23,Female,9.69,81,41,91,64,59,77,86,58,89,56,47,90,98,48,39,96,71,47,1,1,3,89,68.06,88,19.94,No
1146,23,Male,8.04,61,99,66,42,58,50,80,74,43,80,46,92,34,35,46,86,91,71,1,4,5,57,64.29,87,22.71,No
1147,23,Male,8.63,83,44,89,72,68,93,44,43,93,75,86,76,49,56,81,48,57,87,1,4,3,43,68.29,85,16.71,No
1148,22,Female,9.65,67,83,70,43,49,95,52,44,88,94,94,85,47,82,35,90,85,53,1,5,2,48,69.94,84,14.06,No
1149,21,Male,8.68,70,66,54,64,99,61,62,40,81,99,85,92,31,77,98,59,57,66,1,5,2,46,70.06,83,12.94,No
1150,23,Female,6.19,72,71,90,59,57,72,97,43,59,85,79,63,42,36,38,79,76,64,0,3,1,89,65.29,87,21.71,No
1151,20,Male,8.09,76,60,62,73,67,75,89,51,77,58,99,55,33,88,50,64,65,52,0,5,1,47,65.76,78,12.24,No
1152,20,Male,8.23,67,47,63,65,74,84,69,99,64,97,51,96,71,98,53,58,48,94,1,4,3,82,72.41,77,4.59,No
1153,20,Female,7.41,80,77,83,44,82,62,76,66,53,99,52,52,90,40,33,44,99,60,1,2,0,46,65.41,76,10.59,No
1154,20,Male,8.81,77,47,52,74,86,84,64,95,50,74,82,64,37,44,53,50,74,84,1,1,4,80,65.53,83,17.47,No
1155,22,Female,9.7,89,89,61,100,70,84,87,81,71,85,56,100,96,93,88,54,47,70,1,3,4,79,78.35,86,7.65,No
1156,20,Male,9.67,77,42,82,67,66,73,66,62,50,79,100,93,92,32,32,47,59,76,0,2,0,42,65.76,76,10.24,No
1157,23,Male,7.53,90,93,76,68,50,48,90,64,100,95,56,93,38,98,97,58,93,87,1,1,0,56,76.71,80,3.29,No
1158,24,Male,6.01,97,83,100,48,88,63,53,60,57,98,95,96,40,52,69,62,81,97,0,1,2,41,73.06,79,5.94,No
1159,20,Female,9.93,91,100,72,91,88,47,96,100,66,67,75,91,71,82,77,66,61,82,0,1,4,54,78.35,88,9.65,No
1160,22,Male,9.28,70,97,95,77,77,46,87,97,94,40,60,93,42,66,83,79,58,93,1,2,3,85,75.53,79,3.47,No
1161,22,Male,6.06,84,42,42,89,44,75,98,91,93,81,47,43,65,38,64,71,69,44,0,3,5,68,64.47,78,13.53,No
1162,20,Male,9.64,92,61,93,45,47,57,86,63,57,57,44,50,42,44,85,65,92,52,1,3,1,89,61.18,90,28.82,No
1163,24,Male,9.41,97,45,58,58,73,42,93,64,95,87,65,71,41,32,69,66,67,67,1,1,5,87,64.29,80,15.71,No
1164,20,Female,7.83,100,41,62,99,87,67,75,84,62,79,55,88,66,99,97,58,74,82,1,2,2,91,75,79,4,No
1165,22,Female,8.16,67,62,68,83,91,45,78,94,50,72,75,46,81,46,75,89,82,64,0,1,4,61,70.65,85,14.35,No
1166,21,Male,7.3,70,83,69,96,95,83,55,85,60,51,67,85,100,55,42,81,50,90,0,5,0,43,73.35,78,4.65,No
1167,23,Female,5.75,81,41,78,50,51,83,95,71,83,47,93,97,31,50,56,68,70,74,0,3,4,96,66.94,87,20.06,No
1168,22,Male,7.01,83,77,83,41,77,60,61,94,44,63,68,50,85,50,35,78,88,86,1,4,3,91,67.06,83,15.94,No
1169,20,Male,9.11,100,56,86,86,40,67,60,71,62,55,86,67,89,40,46,99,87,78,1,1,2,45,69.12,87,17.88,No
1170,23,Male,5.52,76,74,64,83,70,79,93,44,80,89,51,93,52,67,65,80,78,46,1,5,0,77,71.06,80,8.94,No
1171,20,Female,7,71,73,76,83,43,93,60,75,98,43,76,80,69,64,31,72,75,77,0,3,5,65,69.88,85,15.12,No
1172,20,Female,7.29,91,62,86,48,88,93,47,85,64,77,69,62,93,43,81,58,69,71,1,2,3,50,70.35,84,13.65,No
1173,21,Female,7.92,74,69,47,60,84,40,88,81,80,83,62,84,52,43,95,76,62,42,0,3,5,65,67.53,90,22.47,No
1174,23,Female,9.64,75,91,81,63,89,75,55,88,93,66,55,62,58,39,81,58,58,84,0,2,1,56,70.35,84,13.65,No
1175,23,Female,7.06,81,47,97,73,44,60,98,81,49,48,53,89,80,41,72,72,51,78,1,2,2,63,66.65,87,20.35,No
1176,21,Female,7.06,87,61,55,61,69,99,94,97,61,86,49,67,98,67,51,86,54,76,1,1,3,67,72.41,84,11.59,No
1177,22,Female,8.82,79,83,47,42,95,82,70,78,58,55,46,82,60,63,84,55,70,94,0,1,3,74,68.47,87,18.53,No
1178,20,Female,7.53,92,97,40,51,63,74,81,55,40,95,84,86,79,70,96,62,82,89,0,3,5,70,73.18,77,3.82,No
1179,24,Female,6.51,69,75,83,67,98,52,49,72,46,51,91,96,49,39,89,46,76,61,1,5,0,52,67.06,84,16.94,No
1180,20,Male,7.54,99,44,44,69,42,96,71,88,43,70,99,65,84,46,87,65,76,47,0,3,1,93,66.82,80,13.18,No
1181,20,Female,6.13,91,52,42,65,50,88,98,60,40,63,100,64,31,46,41,71,54,56,0,4,5,74,60.06,88,27.94,No
1182,22,Female,6.29,92,68,40,87,84,93,73,100,54,94,76,93,54,96,98,51,68,91,1,2,3,55,77.65,75,-2.65,No
1183,20,Female,7.74,61,70,43,60,43,93,48,48,79,53,68,68,42,91,68,47,89,66,1,2,2,54,63.29,79,15.71,No
1184,21,Female,7.39,92,86,79,67,65,49,56,45,51,84,42,58,99,30,42,44,82,72,1,1,3,82,61.82,84,22.18,No
1185,21,Female,9.62,92,96,74,95,66,92,50,90,61,64,54,72,96,41,70,81,65,85,1,5,4,57,73.65,80,6.35,No
1186,23,Female,7.13,100,94,71,65,85,83,71,84,61,73,75,75,87,33,86,67,83,56,1,1,2,86,73.47,89,15.53,No
1187,24,Female,8.11,72,55,81,72,93,86,49,74,89,42,86,53,93,71,82,92,41,81,0,4,2,76,72.94,85,12.06,No
1188,20,Female,8.35,89,81,73,60,82,92,61,78,86,97,85,53,98,42,41,44,59,51,1,3,3,87,69.59,82,12.41,No
1189,20,Female,5.56,92,69,82,74,66,49,96,61,56,63,91,74,88,33,42,88,54,87,1,3,0,87,69,85,16,No
1190,22,Female,8.49,72,96,64,91,81,85,56,80,68,93,58,69,89,98,86,65,91,85,0,5,2,88,79.71,89,9.29,Yes
1191,21,Female,6.3,85,94,49,73,90,52,43,93,85,81,52,67,91,48,69,44,43,66,1,1,4,80,67.06,89,21.94,No
1192,24,Male,9.82,81,55,60,80,89,76,87,44,53,48,81,56,45,31,74,61,61,87,0,1,5,66,64,83,19,No
1193,23,Male,6.17,98,51,85,90,45,77,91,81,89,65,60,42,97,41,64,54,89,47,0,4,0,94,68.71,85,16.29,No
1194,21,Female,7.37,61,56,78,86,98,63,86,62,59,59,76,55,44,35,32,52,77,62,0,3,0,74,63.53,77,13.47,No
1195,23,Female,5.88,97,55,66,57,100,41,64,56,89,79,66,85,84,37,34,67,62,99,1,1,0,91,67.12,76,8.88,No
1196,22,Male,9.99,98,51,66,97,54,61,98,51,87,49,94,69,64,80,40,72,98,81,1,5,2,84,71.29,87,15.71,No
1197,22,Female,7.76,85,47,41,50,92,56,60,62,72,58,91,91,84,40,100,82,65,100,1,3,0,93,70.06,78,7.94,No
1198,20,Male,8.18,74,59,80,96,69,75,76,55,94,42,68,68,43,92,85,62,90,88,1,4,3,74,73.06,82,8.94,No
1199,24,Male,5.8,93,42,87,62,81,53,77,42,98,63,59,84,78,86,39,72,50,98,0,5,0,67,68.88,85,16.12,No
1200,23,Male,8.87,99,55,52,87,76,49,88,69,82,44,64,54,36,41,63,82,67,68,0,2,4,78,63.35,90,26.65,No
1201,21,Male,6.44,70,69,48,61,97,74,40,96,54,42,45,85,59,31,96,57,95,89,0,4,1,100,66.94,90,23.06,No
1202,22,Male,9.54,62,84,91,56,100,64,64,61,51,97,75,95,78,37,60,89,41,59,0,5,4,77,70.71,82,11.29,No
1203,20,Female,6.42,65,62,75,44,76,42,90,48,79,66,41,64,45,40,100,92,98,55,0,1,2,48,65.71,77,11.29,No
1204,20,Male,6.36,68,67,61,83,81,86,75,68,93,55,61,90,80,82,95,69,47,56,1,2,0,51,73.47,78,4.53,No
1205,23,Female,5.66,65,90,81,50,99,77,56,86,59,88,71,77,71,39,99,65,68,55,1,4,0,54,72.41,77,4.59,No
1206,22,Female,7.62,68,79,65,69,76,56,80,76,69,54,55,81,46,37,70,55,50,58,1,1,3,60,63.29,84,20.71,No
1207,24,Male,8.04,98,93,97,54,74,51,63,62,77,74,57,98,92,65,92,52,76,95,0,2,5,91,74.82,76,1.18,No
1208,22,Male,5.8,90,44,93,66,62,93,41,52,42,51,44,86,74,43,61,78,57,95,1,3,0,74,63.65,78,14.35,No
1209,23,Female,8.99,91,59,51,74,45,91,79,71,67,80,93,92,36,83,49,72,94,47,0,1,4,81,69.59,80,10.41,No
1210,23,Male,7.54,100,79,56,72,43,63,54,85,95,92,75,93,56,50,86,65,89,77,0,5,2,72,72.35,85,12.65,No
1211,22,Male,7.86,71,95,53,59,57,68,71,91,65,83,69,91,39,79,79,87,53,77,1,4,1,90,71.53,88,16.47,No
1212,23,Female,7.48,67,83,53,100,99,82,78,86,69,65,84,97,63,68,54,40,93,92,1,2,0,58,76.82,90,13.18,No
1213,22,Female,7.3,67,40,96,55,48,64,98,87,52,86,58,77,65,49,41,88,49,68,0,1,1,94,65.94,85,19.06,No
1214,21,Male,8.02,87,96,73,73,88,75,45,62,52,73,62,62,54,36,100,77,74,80,1,3,0,62,69.53,79,9.47,Yes
1215,22,Female,6.2,79,69,92,41,68,97,40,84,41,62,73,64,35,38,68,41,48,75,0,4,2,52,60.94,77,16.06,No
1216,22,Male,6.32,66,60,96,74,52,99,86,56,76,70,52,81,53,30,46,88,74,65,1,4,5,83,68.12,76,7.88,No
1217,23,Male,9.38,70,59,59,79,98,65,62,94,88,89,82,46,47,55,74,45,50,70,1,1,4,40,68.35,83,14.65,No
1218,23,Male,9.76,79,45,50,95,86,77,97,79,77,59,93,61,35,67,40,85,83,83,1,3,2,90,71.29,89,17.71,No
1219,20,Female,7.18,75,61,55,67,91,40,78,60,41,51,68,56,58,67,99,89,51,99,0,2,1,68,66.53,75,8.47,No
1220,20,Female,6.72,63,57,90,86,56,59,100,41,75,62,75,57,54,90,52,77,42,51,0,1,0,63,66.12,83,16.88,No
1221,21,Female,8.4,65,47,70,78,84,94,96,76,93,43,61,88,84,73,99,81,92,94,1,2,1,55,79.59,75,-4.59,Yes
1222,20,Female,7.34,81,78,94,45,71,67,56,45,65,62,91,80,75,73,67,63,78,56,1,4,4,64,68.59,89,20.41,No
1223,22,Female,5.61,85,71,45,48,87,55,73,83,50,87,91,49,53,91,31,57,53,54,0,2,2,94,63.41,88,24.59,No
1224,23,Male,6.2,62,72,95,59,61,86,98,57,47,94,86,49,55,35,66,66,95,48,1,3,1,62,68.76,81,12.24,No
1225,20,Male,8.72,100,92,58,99,43,56,80,69,83,87,75,96,57,46,78,80,67,78,1,5,1,67,73.18,80,6.82,No
1226,20,Male,8.47,73,55,76,40,44,79,68,61,79,40,48,46,32,80,81,47,50,81,1,3,4,86,59.24,81,21.76,No
1227,21,Male,5.62,70,51,97,47,76,67,48,93,82,93,78,87,67,67,62,67,78,87,1,2,0,55,73.35,89,15.65,No
1228,21,Female,6.5,77,77,43,94,80,97,52,72,61,64,90,100,90,53,51,49,64,51,1,1,1,82,69.88,77,7.12,No
1229,22,Male,6.54,71,91,86,62,88,51,45,69,59,41,58,89,80,80,34,56,60,71,1,4,4,95,65.88,88,22.12,No
1230,23,Female,8.52,82,73,100,42,52,66,45,56,47,69,77,77,77,39,47,94,49,64,1,5,0,77,63.18,77,13.82,No
1231,21,Male,5.59,71,100,43,43,73,93,59,82,68,42,45,66,50,50,67,68,82,78,0,1,5,50,65.24,87,21.76,No
1232,20,Female,5.97,72,53,59,97,84,92,91,71,79,97,91,91,83,99,66,97,54,57,0,1,0,42,80.06,85,4.94,No
1233,23,Female,9.1,84,75,49,64,61,81,92,81,65,60,86,72,85,86,93,45,58,54,0,3,5,54,71,75,4,No
1234,23,Male,6.3,78,72,63,86,92,98,42,90,69,64,54,40,88,68,39,53,87,71,1,2,2,40,69.18,78,8.82,No
1235,20,Male,8.44,95,62,93,77,98,86,56,53,56,59,96,83,80,62,71,61,61,45,0,3,4,46,70.53,86,15.47,No
1236,21,Male,6.57,67,89,74,54,62,69,88,97,59,88,59,92,49,88,77,93,60,97,1,2,0,40,76.18,76,-0.18,No
1237,20,Male,5.95,88,84,65,60,90,80,51,49,91,91,48,99,88,47,73,45,99,83,0,3,5,88,73.12,84,10.88,No
1238,23,Female,6.59,91,41,76,74,42,73,87,86,94,61,71,73,100,85,45,65,91,82,0,1,5,71,73.29,82,8.71,No
1239,24,Male,8.75,77,80,77,96,81,76,86,99,55,60,43,43,38,86,83,78,83,91,1,4,2,48,73.82,77,3.18,Yes
1240,24,Male,9.35,65,60,60,92,73,45,84,90,85,100,89,56,30,77,64,51,71,74,0,2,3,68,70.65,81,10.35,No
1241,22,Female,9.24,77,41,93,92,71,46,94,75,82,72,57,43,58,71,57,74,89,73,0,5,4,65,69.88,81,11.12,No
1242,20,Male,7.29,78,66,79,85,84,71,40,73,46,91,44,82,92,56,31,53,62,77,0,5,3,62,66.59,86,19.41,No
1243,20,Male,8.51,81,96,78,91,90,71,56,48,55,77,59,93,85,81,42,61,52,95,1,1,0,84,72.35,83,10.65,No
1244,22,Male,6.42,96,48,60,53,97,92,42,81,84,100,62,65,97,71,70,90,44,93,1,3,4,82,73.47,80,6.53,No
1245,22,Male,6.82,91,40,49,75,88,64,65,67,98,54,50,43,64,61,88,62,43,96,1,3,2,68,65.12,75,9.88,No
1246,22,Male,9.53,100,50,77,51,60,72,54,50,86,97,76,40,32,55,98,87,67,44,1,1,0,91,64.47,82,17.53,No
1247,23,Female,5.56,62,42,85,56,85,94,75,53,95,97,61,46,36,54,82,46,53,57,1,5,4,77,65.71,75,9.29,No
1248,20,Male,5.88,87,91,43,78,83,97,71,78,87,85,97,69,56,52,74,79,47,55,0,5,4,72,73.06,77,3.94,No
1249,23,Male,6.44,69,62,99,48,60,46,71,94,66,91,43,89,30,86,49,89,48,47,0,3,3,46,65.76,85,19.24,No
1250,22,Male,5.62,94,65,96,74,83,91,43,86,92,54,68,48,100,81,53,64,96,64,1,2,0,51,74,79,5,No
1251,20,Male,6.32,88,43,84,99,50,96,57,93,62,85,83,100,73,60,90,52,90,71,0,4,2,70,75.76,82,6.24,No
1252,23,Male,8.12,74,57,59,52,78,51,88,58,63,64,73,74,70,93,87,60,74,65,0,2,2,71,68.59,83,14.41,No
1253,23,Female,7.4,92,94,56,54,43,55,58,93,48,60,52,47,71,100,56,80,76,91,1,5,0,93,66.71,89,22.29,No
1254,22,Male,9.52,66,45,94,57,90,55,82,54,74,63,81,100,62,62,55,49,60,61,1,2,0,59,67.29,81,13.71,No
1255,20,Female,9.18,71,74,46,90,40,82,91,67,90,96,48,63,79,31,36,92,97,70,0,4,5,94,70.12,90,19.88,No
1256,22,Female,7.04,89,61,43,72,67,92,74,63,59,97,81,58,92,47,71,94,57,82,0,2,1,90,71.18,83,11.82,No
1257,20,Male,6.67,80,82,68,45,63,75,79,47,76,44,70,75,66,76,76,98,72,49,1,2,3,56,68.29,85,16.71,No
1258,24,Male,7.21,90,54,53,98,100,52,53,82,81,45,46,89,88,62,82,48,47,95,1,2,0,75,69.12,77,7.88,No
1259,21,Male,8.16,83,61,42,66,74,46,97,100,56,88,43,91,77,64,88,54,90,96,1,2,0,42,72.53,87,14.47,No
1260,21,Male,6.71,79,99,63,62,52,75,72,48,86,82,58,98,34,80,67,91,88,51,1,1,1,40,70.94,79,8.06,No
1261,21,Female,8.31,96,76,76,98,86,86,53,86,70,87,81,82,77,47,98,41,56,92,1,5,1,89,76,84,8,No
1262,22,Male,7.34,63,91,55,66,73,90,73,72,94,83,69,66,32,59,82,64,82,67,1,4,4,66,71.65,82,10.35,No
1263,24,Male,7.98,87,81,97,73,50,48,100,72,96,86,70,71,76,73,44,52,70,45,1,5,2,92,70.82,86,15.18,No
1264,20,Male,7.46,79,51,94,95,75,71,94,58,47,62,74,53,91,82,55,73,73,98,0,1,3,86,73.29,75,1.71,No
1265,23,Male,6.83,83,86,91,85,90,50,43,42,54,43,96,96,43,39,77,90,45,59,1,1,4,79,66.41,82,15.59,No
1266,20,Male,9.77,91,88,43,77,100,47,63,49,70,66,60,57,92,81,48,97,61,44,0,1,0,72,67.24,81,13.76,No
1267,23,Male,8.94,100,81,95,53,56,72,98,79,92,57,100,67,90,78,38,73,53,62,0,1,1,59,73.18,75,1.82,No
1268,20,Female,6.13,95,77,63,75,74,62,68,86,69,60,70,99,60,40,93,74,42,48,1,2,5,53,68.24,87,18.76,No
1269,24,Female,9.41,93,57,73,92,99,64,58,81,85,67,58,68,46,95,83,77,51,97,1,5,2,75,73.59,87,13.41,No
1270,23,Male,7.69,95,84,69,47,57,95,45,40,59,74,70,55,53,87,80,42,75,98,1,3,4,44,66.47,84,17.53,No
1271,22,Male,9.53,61,74,57,74,79,47,96,68,99,61,92,74,52,65,68,81,51,68,0,4,5,62,70.94,86,15.06,No
1272,20,Male,9.1,74,69,58,58,61,84,72,89,78,79,71,86,79,62,33,95,84,55,1,1,2,84,71.35,84,12.65,No
1273,20,Female,7.41,93,63,70,69,96,61,88,73,92,62,41,98,99,76,32,98,41,93,1,5,5,99,73.65,89,15.35,No
1274,23,Male,5.6,95,81,99,53,63,98,79,90,94,42,98,98,56,42,93,45,41,85,1,1,1,95,73.94,86,12.06,No
1275,22,Female,6.71,65,69,99,98,97,43,58,52,51,79,91,70,44,69,58,94,54,61,0,1,4,54,69.82,80,10.18,No
1276,22,Male,7.94,98,53,58,59,58,79,92,93,88,89,49,43,79,97,40,87,62,47,0,1,4,45,69,75,6,No
1277,24,Male,8.35,71,45,88,88,76,42,40,40,56,49,41,76,65,71,87,88,68,98,1,1,2,72,65.76,76,10.24,No
1278,22,Male,6.66,62,42,85,64,78,68,44,73,81,64,41,56,37,48,56,58,56,59,0,1,5,94,59.41,79,19.59,No
1279,22,Male,6.13,77,55,58,79,60,80,66,68,69,91,99,78,32,48,50,42,71,90,1,4,1,58,66.82,76,9.18,No
1280,22,Female,9.26,99,46,61,63,47,68,55,87,68,88,63,87,91,87,68,57,46,53,1,5,0,52,66.76,88,21.24,No
1281,21,Female,9.93,80,91,63,53,67,73,45,86,58,47,56,85,76,52,75,78,69,78,0,1,4,68,67.76,84,16.24,No
1282,24,Male,7.87,74,53,84,65,44,73,79,52,85,94,71,65,90,83,95,48,67,76,0,1,0,100,72,75,3,No
1283,20,Male,6.27,92,48,51,77,56,67,52,87,50,50,55,87,61,94,65,91,53,89,0,1,1,45,66.65,80,13.35,No
1284,23,Female,6.73,94,54,69,62,76,52,87,88,73,100,55,78,42,41,94,51,83,73,1,1,4,54,69.29,90,20.71,No
1285,20,Female,5.58,85,60,97,61,75,54,74,92,89,44,85,80,30,53,92,44,69,50,0,2,4,55,67.59,82,14.41,No
1286,24,Female,9.61,67,74,77,87,93,99,58,100,46,97,78,43,63,63,64,42,56,93,1,2,5,63,72.53,82,9.47,No
1287,23,Female,6.03,95,41,92,96,58,62,51,68,83,84,92,69,91,82,60,50,71,79,1,3,0,62,72.29,87,14.71,No
1288,24,Male,8.09,89,66,70,58,66,83,55,78,97,92,70,69,100,37,57,96,85,72,1,1,5,87,73.59,87,13.41,No
1289,22,Female,6.73,82,41,75,85,92,65,98,63,73,94,82,61,60,47,30,69,45,70,0,3,3,49,67.65,90,22.35,No
1290,23,Male,7.99,73,74,58,90,73,43,82,65,98,76,63,50,93,86,54,43,90,98,0,4,0,93,72.71,82,9.29,No
1291,22,Female,8.43,73,57,87,42,50,65,49,56,59,95,40,41,54,34,72,44,63,93,1,3,0,80,58.88,90,31.12,No
1292,20,Female,9.23,61,53,84,81,93,79,64,46,89,98,50,83,67,55,96,40,45,83,1,5,3,80,70.94,85,14.06,No
1293,20,Female,6.43,96,59,75,58,84,48,59,52,77,84,94,51,43,59,92,66,66,73,1,2,1,88,67.06,90,22.94,No
1294,23,Female,5.55,64,57,69,48,86,94,70,44,63,77,60,69,37,83,80,67,57,89,0,2,1,56,67.65,80,12.35,No
1295,23,Female,6.12,97,49,94,67,51,44,43,65,49,68,43,75,83,42,31,68,63,46,0,1,4,88,57.71,85,27.29,No
1296,24,Male,9.55,100,64,88,59,93,95,83,88,71,44,46,57,31,58,93,57,76,97,1,1,2,95,70.59,77,6.41,No
1297,24,Male,9.43,73,41,94,84,60,71,62,42,91,48,65,65,85,32,98,51,95,88,0,4,5,83,68.94,75,6.06,No
1298,22,Female,8.19,98,64,72,46,93,59,41,46,54,98,86,92,90,87,38,52,63,93,1,4,2,84,69.06,76,6.94,No
1299,23,Female,8.2,84,100,57,53,50,89,95,97,76,87,89,46,51,31,31,80,77,62,1,5,4,69,68.88,79,10.12,No
1300,20,Male,8.49,79,93,91,48,78,50,61,88,59,41,51,100,64,57,63,41,73,85,0,1,2,83,67.24,87,19.76,No
1301,24,Female,6.29,61,72,88,98,67,54,90,78,42,40,70,40,45,31,89,76,79,95,1,1,0,85,67.88,84,16.12,No
1302,24,Female,9.61,98,75,98,99,44,71,96,92,76,79,56,97,79,36,90,84,86,46,1,4,0,49,76.71,79,2.29,Yes
1303,20,Male,7.38,65,70,67,94,56,67,76,40,96,99,72,65,72,55,60,55,54,93,0,4,3,94,70.06,84,13.94,No
1304,24,Female,7.22,76,53,98,96,95,61,47,88,79,90,50,62,46,45,39,87,50,64,1,4,3,58,67.65,88,20.35,No
1305,22,Female,7.84,84,40,86,99,59,80,46,56,47,69,67,65,87,52,65,63,61,100,0,2,4,68,67.18,75,7.82,No
1306,23,Male,5.71,87,85,50,58,80,56,53,82,79,50,71,84,31,69,78,74,93,42,0,3,4,41,66.76,90,23.24,No
1307,20,Male,6.25,61,55,96,86,85,98,95,64,83,67,40,45,33,89,99,61,63,98,0,3,4,75,73.94,75,1.06,No
1308,23,Male,8.82,94,93,99,91,97,65,94,98,95,83,86,45,68,61,78,75,40,77,1,1,0,58,79.12,89,9.88,No
1309,24,Female,5.87,96,85,93,53,51,83,42,100,62,51,67,83,35,44,32,50,57,59,1,2,2,46,61.59,83,21.41,No
1310,24,Male,8.21,64,100,84,95,45,46,89,42,79,78,92,47,98,42,34,94,83,73,1,4,5,65,71.82,76,4.18,Yes
1311,20,Male,6.6,60,91,72,77,56,81,55,54,50,65,81,63,98,34,90,97,51,88,0,1,4,54,70.76,81,10.24,No
1312,22,Male,7.25,99,42,56,92,90,96,94,68,85,52,46,61,49,81,55,85,96,83,1,2,4,86,72.41,84,11.59,No
1313,21,Male,6.8,71,74,45,100,58,65,58,92,47,98,41,58,93,70,34,68,82,83,0,5,0,95,68.59,90,21.41,No
1314,20,Male,7.1,95,80,43,75,65,64,90,82,68,47,81,76,45,82,44,74,67,69,1,2,5,77,67.76,78,10.24,No
1315,21,Male,8.74,82,45,59,79,87,49,57,71,69,100,63,57,80,79,45,87,79,56,1,1,0,42,68.35,81,12.65,No
1316,21,Female,6.84,90,64,87,56,83,98,91,65,95,100,43,70,66,44,30,93,99,98,0,3,5,77,75.41,82,6.59,No
1317,22,Female,8.05,70,52,86,69,83,84,55,99,99,93,83,76,98,36,45,54,46,49,0,4,0,55,71,90,19,No
1318,21,Male,7.64,69,92,66,48,91,58,47,55,49,67,58,69,71,69,66,99,62,74,1,5,2,41,67.12,79,11.88,No
1319,21,Male,8.49,62,73,54,72,71,50,99,64,78,97,65,96,86,57,32,70,60,59,0,2,4,70,69.59,87,17.41,No
1320,22,Male,9.72,73,47,45,95,45,52,72,93,67,69,50,81,95,61,81,81,73,57,1,1,1,67,68.47,86,17.53,No
1321,21,Female,8.8,75,60,86,91,94,92,88,67,88,48,79,72,38,44,76,80,50,84,0,1,1,46,72.76,86,13.24,No
1322,21,Female,6.47,69,73,53,64,97,47,51,48,75,78,89,49,93,99,42,82,61,83,0,4,4,69,69.65,75,5.35,No
1323,21,Female,5.64,88,43,99,53,75,79,92,95,100,70,82,76,51,94,84,55,81,66,1,1,4,82,76.18,90,13.82,No
1324,20,Female,6.68,69,64,50,50,77,43,50,95,52,97,50,51,63,33,50,49,74,98,1,1,4,97,61.53,78,16.47,No
1325,20,Female,8.18,71,54,78,92,50,86,44,40,71,60,84,93,84,40,95,88,91,98,1,4,4,46,73.41,84,10.59,No
1326,20,Female,5.73,89,43,48,74,72,70,66,68,75,95,42,69,58,55,83,71,68,88,0,5,5,75,67.35,90,22.65,No
1327,22,Female,7.73,100,84,65,80,63,67,51,96,76,86,51,66,67,90,56,90,81,75,0,3,2,68,73.18,77,3.82,Yes
1328,24,Female,8.19,60,99,55,98,62,50,56,61,65,73,42,78,47,66,67,41,67,62,0,3,1,63,64.06,84,19.94,No
1329,21,Female,7,64,51,44,53,54,82,45,55,61,94,81,48,100,52,87,63,98,71,1,2,3,91,67,89,22,No
1330,21,Male,8.97,79,71,96,69,66,40,72,80,43,70,66,93,94,69,91,62,57,49,1,5,1,78,69.88,86,16.12,No
1331,22,Male,5.98,67,71,91,80,50,88,44,90,70,91,88,60,30,52,75,41,53,50,1,2,1,43,66.12,79,12.88,No
1332,21,Male,5.84,71,67,100,43,96,86,96,83,57,64,93,51,33,45,40,77,57,77,1,3,0,68,68.53,84,15.47,No
1333,20,Male,8.78,60,52,49,98,90,91,67,90,77,51,41,94,33,90,37,70,67,45,0,4,4,83,67.18,87,19.82,No
1334,24,Female,7.73,79,70,89,43,89,77,53,93,63,40,88,68,56,97,100,90,63,98,1,1,4,44,75.12,84,8.88,No
1335,23,Female,8.6,87,53,42,67,56,63,44,80,95,94,55,72,72,60,93,79,47,80,1,3,4,94,67.76,87,19.24,No
1336,21,Male,7.46,96,59,52,47,90,93,93,46,62,61,41,82,88,82,50,65,81,86,1,5,0,68,69.29,80,10.71,No
1337,20,Female,6.61,96,57,82,41,92,99,95,53,61,79,99,92,61,54,92,68,93,73,0,3,2,69,75.94,76,0.06,No
1338,23,Male,9.19,71,68,88,80,53,96,98,68,41,76,93,54,62,73,93,42,84,75,0,5,2,68,73.18,81,7.82,No
1339,24,Female,9.1,96,99,69,100,66,86,72,58,70,86,69,41,57,41,49,97,92,76,1,5,3,65,72.24,87,14.76,No
1340,23,Male,8.63,87,45,93,85,57,70,89,58,94,40,59,91,84,38,37,53,47,56,0,5,2,58,64.47,77,12.53,No
1341,20,Female,6.72,74,71,84,61,67,80,87,41,50,40,77,78,89,41,87,64,43,79,0,2,2,65,67,89,22,No
1342,23,Female,8.16,65,68,45,80,90,85,80,80,67,96,67,92,99,98,75,87,66,79,0,4,4,76,79.65,75,-4.65,No
1343,22,Male,7.12,79,82,56,95,86,89,58,84,85,81,64,83,91,83,60,40,75,93,1,3,5,66,76.76,84,7.24,No
1344,23,Female,5.91,73,41,98,94,86,65,61,54,71,93,71,93,63,83,38,92,44,51,0,4,1,69,70.47,77,6.53,No
1345,21,Male,9.63,61,99,84,55,43,88,44,42,44,81,100,57,85,57,44,42,72,60,0,1,2,90,64.53,83,18.47,No
1346,21,Male,6.12,68,62,90,68,46,89,98,50,77,60,49,42,42,85,55,93,88,79,0,3,2,92,69,84,15,No
1347,22,Male,9.78,96,58,92,88,84,44,41,92,49,54,99,46,85,98,39,65,73,58,1,4,0,69,68.53,85,16.47,No
1348,20,Male,7.51,79,70,58,87,74,59,69,85,79,56,81,82,47,87,58,57,69,42,1,4,3,42,68.24,85,16.76,No
1349,21,Female,6.33,85,90,81,69,87,91,86,69,85,61,79,57,83,71,65,48,47,57,1,1,5,98,72.12,89,16.88,No
1350,24,Female,7.94,88,44,74,51,48,80,78,96,63,77,72,83,72,67,66,77,78,92,1,5,0,97,71.65,80,8.35,Yes
1351,21,Female,9.43,60,58,85,74,47,50,43,79,74,74,52,77,68,97,100,62,86,90,1,3,4,82,71.53,85,13.47,No
1352,21,Male,8.8,94,73,65,50,91,95,72,57,83,84,95,76,90,82,52,60,65,58,0,3,1,46,73.41,80,6.59,No
1353,20,Female,9.13,65,49,90,85,84,93,52,90,87,55,80,97,71,62,70,96,96,86,0,1,3,100,79,78,-1,No
1354,23,Male,8.46,96,64,44,89,56,72,59,87,99,47,93,72,47,100,57,40,76,45,0,5,0,88,67.47,89,21.53,No
1355,21,Female,8.62,64,41,68,60,56,89,93,41,62,86,81,83,52,85,77,60,73,55,0,3,2,96,68.35,82,13.65,No
1356,22,Female,9.32,92,50,76,60,88,77,46,71,56,56,86,98,83,80,67,66,46,47,0,3,2,48,67.82,79,11.18,No
1357,23,Female,6.62,73,89,59,44,72,66,54,47,40,56,76,70,59,72,60,81,79,87,1,3,3,92,65.35,81,15.65,No
1358,24,Male,7.7,71,100,88,87,71,73,62,61,94,93,93,97,87,44,43,98,67,57,1,5,2,80,77.35,83,5.65,No
1359,20,Female,6.5,79,70,60,59,47,54,53,45,70,65,55,50,97,67,58,45,78,91,1,1,0,81,62.59,87,24.41,No
1360,24,Female,9.94,83,95,49,76,58,71,62,51,70,52,84,43,96,44,80,94,78,87,1,3,0,52,70,87,17,No
1361,23,Male,9.75,93,54,44,42,77,100,58,86,81,56,61,98,100,34,78,83,67,82,0,4,2,54,70.65,90,19.35,No
1362,23,Female,5.68,84,48,75,83,42,97,93,96,96,77,96,57,47,83,72,75,53,78,0,5,2,93,74.59,88,13.41,No
1363,23,Male,8.68,88,62,45,72,98,60,68,79,94,56,59,43,36,80,34,67,92,88,1,2,4,44,66.65,90,23.35,No
1364,24,Female,9.66,98,58,65,92,44,85,95,75,81,87,89,88,69,39,71,84,89,88,1,1,1,68,76.41,90,13.59,No
1365,23,Male,6.31,90,48,43,100,52,44,59,54,92,53,82,73,99,41,36,56,77,51,0,4,3,74,62.35,79,16.65,No
1366,24,Male,8.06,82,74,78,48,86,45,68,67,95,84,66,68,94,33,71,98,43,84,1,3,0,66,70.71,85,14.29,No
1367,23,Female,9.62,97,60,78,100,85,77,63,91,73,45,80,63,97,47,65,79,81,49,1,2,3,66,72.53,88,15.47,No
1368,22,Male,5.65,79,48,89,48,100,61,57,96,48,74,55,61,78,65,56,97,57,46,1,1,4,47,66.82,79,12.18,No
1369,23,Male,8.64,82,67,74,43,70,57,49,88,61,85,73,41,81,54,87,91,83,85,1,5,0,71,69.94,88,18.06,No
1370,24,Male,6.84,75,85,40,74,94,53,80,84,52,53,71,83,58,65,75,42,87,94,0,2,4,59,70,78,8,No
1371,21,Male,9.66,67,90,63,56,55,49,96,57,64,86,65,45,50,96,95,51,64,40,0,2,4,49,66,80,14,No
1372,23,Male,9.87,80,46,96,73,89,85,47,41,87,47,64,81,38,38,54,78,46,88,1,4,5,52,64.59,76,11.41,No
1373,21,Male,9.75,60,55,75,63,71,52,65,52,57,100,41,64,76,90,56,51,77,75,0,1,2,68,65.88,77,11.12,No
1374,22,Female,7.63,67,55,45,71,61,70,68,84,90,54,51,94,71,82,30,41,67,60,1,4,5,74,64.35,75,10.65,No
1375,20,Male,9.38,88,99,80,40,68,69,49,93,51,93,79,96,80,47,71,95,44,76,1,4,3,100,72.35,76,3.65,No
1376,22,Male,9.3,91,72,93,47,61,42,56,54,79,100,48,60,85,72,81,85,42,91,0,3,3,93,68.71,76,7.29,No
1377,23,Female,6.94,97,43,85,84,82,69,41,59,56,66,51,94,80,64,54,61,83,63,1,5,2,47,66.76,82,15.24,No
1378,21,Female,9.23,64,43,99,62,42,45,45,68,54,52,65,98,99,92,83,62,70,94,1,2,5,68,69,82,13,No
1379,21,Female,5.67,81,78,83,86,93,68,97,98,81,88,48,55,49,33,96,69,86,64,0,1,3,70,74.82,76,1.18,No
1380,24,Female,8.18,93,79,99,79,49,47,44,81,54,70,49,70,56,70,35,44,81,46,1,5,5,80,61.94,87,25.06,No
1381,21,Female,6.54,60,56,96,51,81,83,67,68,54,92,71,53,67,74,87,48,97,81,1,5,2,69,72.12,88,15.88,No
1382,24,Female,6.04,85,76,70,93,60,84,80,42,94,95,96,78,94,79,99,60,59,56,1,1,0,61,77.35,80,2.65,No
1383,20,Female,5.85,69,78,59,51,55,82,44,58,78,74,73,67,83,57,82,50,58,68,0,5,4,60,65.71,89,23.29,No
1384,23,Male,8.63,89,99,63,85,51,83,57,42,52,99,87,71,53,71,95,44,87,69,1,3,4,51,71.06,79,7.94,No
1385,24,Male,7.03,77,91,64,86,41,72,65,93,56,45,59,67,76,98,87,74,99,46,1,5,5,50,71.71,77,5.29,Yes
1386,20,Female,8.76,76,68,75,54,80,56,59,53,71,44,78,90,100,30,31,66,50,72,0,3,3,41,63.35,79,15.65,No
1387,21,Male,5.79,85,91,60,80,63,87,80,79,48,61,99,94,92,68,51,88,79,46,0,2,5,89,74.47,79,4.53,No
1388,21,Male,6.92,67,75,69,58,74,50,88,98,79,97,41,88,86,46,66,41,42,97,1,2,5,80,70.29,79,8.71,No
1389,20,Male,7.93,99,99,63,65,95,52,66,94,59,88,40,48,84,64,49,63,62,63,0,4,1,41,67.88,77,9.12,No
1390,21,Female,9.06,71,77,83,91,69,89,88,43,65,62,90,97,89,75,53,70,46,50,1,3,4,73,72.76,89,16.24,No
1391,20,Female,6.93,86,78,81,68,96,50,51,98,66,64,99,84,91,71,94,72,62,48,1,2,2,42,74.88,77,2.12,No
1392,24,Male,8.32,67,89,69,61,69,70,46,99,60,73,75,61,59,68,94,78,100,51,1,5,5,55,71.88,78,6.12,Yes
1393,24,Female,9.49,84,76,61,79,86,67,98,91,57,65,63,71,51,78,30,69,46,74,0,1,1,90,68.35,81,12.65,No
1394,20,Male,8.27,63,91,67,60,74,83,42,50,52,86,93,44,58,91,32,85,85,43,1,1,1,43,66.82,86,19.18,No
1395,24,Male,6.55,92,100,46,90,58,45,49,97,55,44,66,62,70,67,75,76,73,75,0,3,4,62,67.53,86,18.47,No
1396,24,Male,5.61,60,74,74,77,89,80,73,70,48,65,41,44,71,52,84,90,81,67,1,4,4,96,69.41,86,16.59,No
1397,24,Male,9.42,78,46,94,59,47,55,64,82,51,59,70,81,94,51,93,67,58,96,1,5,4,89,68.65,88,19.35,No
1398,22,Female,5.6,90,66,67,96,65,43,74,71,83,45,96,92,60,33,74,99,97,52,1,3,2,59,71.35,76,4.65,No
1399,23,Female,9.44,75,67,53,68,88,74,55,66,77,45,53,71,59,78,55,70,48,62,1,1,1,64,64.06,84,19.94,No
1400,21,Female,7.88,73,61,95,90,79,99,41,69,58,98,41,98,47,88,94,50,87,58,1,3,3,69,73.71,78,4.29,No
1401,22,Male,9.73,64,53,49,43,46,87,99,82,99,89,68,49,46,97,53,62,90,81,0,5,2,57,70.18,78,7.82,No
1402,24,Female,9.09,100,46,55,94,69,95,63,41,46,57,54,98,67,100,64,96,57,76,1,2,0,81,69.29,75,5.71,No
1403,20,Male,9.99,85,76,55,46,46,98,49,88,96,43,51,78,43,31,53,41,80,78,1,5,5,50,61.88,90,28.12,No
1404,24,Female,7.08,87,100,93,67,42,65,77,48,74,56,76,97,85,78,57,79,87,63,0,2,4,68,73.18,84,10.82,No
1405,23,Male,8.95,61,61,70,67,40,96,61,67,87,96,67,54,51,60,45,80,84,55,0,2,1,56,67.12,90,22.88,No
1406,24,Male,7.31,65,44,81,43,75,51,65,70,57,53,59,46,96,69,88,66,81,72,1,2,5,65,65.65,82,16.35,No
1407,20,Male,7.66,68,94,64,61,64,50,82,99,55,53,100,68,85,77,83,74,64,51,0,3,2,95,72,75,3,No
1408,23,Female,8.32,92,41,52,51,76,76,94,73,94,52,78,98,48,80,45,41,91,73,1,1,0,96,68.41,82,13.59,No
1409,24,Female,9.43,100,66,45,84,40,64,78,100,78,46,63,86,86,72,44,78,53,46,1,3,2,62,66.41,81,14.59,No
1410,23,Female,9.93,84,60,83,42,54,57,66,95,43,83,60,42,73,84,40,76,83,50,0,1,2,95,64.18,83,18.82,No
1411,21,Female,8.96,72,93,48,61,76,58,68,54,98,94,49,58,64,78,94,60,64,70,1,5,3,91,69.82,82,12.18,No
1412,21,Male,7.38,68,77,84,83,52,62,86,87,64,54,85,49,30,86,97,97,58,68,0,4,5,87,71.71,90,18.29,No
1413,24,Female,7.4,72,54,75,41,79,94,77,64,71,58,53,67,81,44,72,44,78,52,1,5,3,59,64.94,79,14.06,No
1414,23,Female,8.82,90,60,95,63,47,77,59,75,79,82,76,68,99,56,98,91,94,70,1,3,2,84,75.82,82,6.18,Yes
1415,20,Male,6.57,100,49,82,73,44,93,66,47,52,86,57,54,66,97,42,84,54,41,1,3,0,41,63.94,88,24.06,No
1416,24,Male,6,70,62,59,66,99,57,80,48,84,83,63,74,94,93,39,60,55,78,1,1,1,63,70.24,89,18.76,No
1417,21,Male,7.1,63,97,57,94,48,65,93,97,56,74,53,45,80,59,70,68,66,54,1,3,1,70,69.18,85,15.82,No
1418,21,Female,6.79,93,95,97,80,40,45,59,97,88,56,73,51,30,65,79,59,79,96,1,2,5,66,69.94,84,14.06,No
1419,24,Male,6.83,97,78,82,40,75,43,83,76,76,74,97,86,50,96,100,100,49,50,0,3,4,41,73.82,86,12.18,No
1420,23,Male,6.55,63,44,96,47,74,83,58,87,45,58,51,77,82,78,88,77,43,73,0,1,4,96,68.29,90,21.71,No
1421,21,Male,5.69,97,40,60,62,41,90,59,84,58,59,61,52,45,84,68,59,90,78,1,1,1,53,64.12,89,24.88,No
1422,23,Female,5.58,78,52,43,77,79,68,74,78,52,75,95,68,90,85,32,89,58,43,1,2,2,43,68.12,86,17.88,No
1423,21,Male,9.94,65,60,89,45,62,98,86,71,96,74,45,58,83,97,36,64,67,50,1,1,2,88,69.47,77,7.53,No
1424,21,Female,7.42,93,65,72,61,48,100,41,97,99,71,75,42,69,73,78,41,60,68,1,4,3,52,68.24,89,20.76,No
1425,22,Female,7.23,77,89,66,64,73,73,69,91,65,97,84,47,55,60,55,96,98,41,0,5,5,75,71.94,84,12.06,No
1426,21,Male,8.56,72,84,46,57,85,56,92,56,53,87,75,47,94,87,62,71,86,100,1,3,3,74,72.82,81,8.18,Yes
1427,20,Male,6.48,100,60,45,56,53,82,73,74,70,83,61,94,93,82,77,65,53,55,1,4,4,83,69.18,86,16.82,No
1428,24,Female,9.77,82,92,54,100,43,82,61,76,93,79,53,97,72,52,31,45,72,78,0,3,1,93,69.41,78,8.59,No
1429,24,Male,9.04,78,57,57,51,69,92,42,58,43,63,55,59,46,57,100,80,87,52,0,4,2,94,62.82,79,16.18,No
1430,23,Male,5.9,70,76,71,45,70,55,45,83,99,100,100,86,88,45,61,96,49,76,1,3,1,47,73.24,90,16.76,No
1431,21,Female,7.38,60,84,95,65,77,41,54,68,78,100,75,43,52,66,33,42,58,56,0,2,0,41,63.94,83,19.06,No
1432,20,Female,9.46,83,71,50,66,50,73,66,98,47,56,95,90,36,50,49,72,69,60,0,1,1,45,64.59,81,16.41,No
1433,23,Male,9.75,66,75,59,47,74,94,49,46,64,46,64,60,73,46,65,40,61,83,0,1,0,70,61.53,78,16.47,No
1434,22,Female,7.6,84,56,63,58,47,47,48,67,52,82,71,42,82,66,61,90,42,99,1,2,3,93,63.12,80,16.88,No
1435,23,Male,8.26,80,74,54,99,42,52,72,48,71,89,72,84,100,48,57,44,76,58,1,4,3,49,67.06,84,16.94,No
1436,23,Male,6.25,74,88,87,81,53,81,71,67,98,40,84,47,63,59,30,52,80,46,1,5,4,83,66.29,88,21.71,No
1437,21,Male,9.96,60,99,46,40,99,47,87,45,77,74,75,62,75,74,89,58,57,77,1,4,1,60,69.47,85,15.53,No
1438,22,Female,6.54,71,50,60,96,52,69,45,68,77,71,59,55,97,47,85,51,50,47,0,1,1,81,63.47,81,17.53,No
1439,23,Male,9.74,66,60,81,68,84,71,80,97,95,75,57,52,45,91,64,87,87,52,1,5,0,49,73.29,87,13.71,No
1440,20,Male,8.42,74,91,65,84,71,75,98,56,67,52,77,42,100,65,59,64,41,76,0,3,3,62,69.59,84,14.41,No
1441,20,Male,8.23,80,94,83,88,73,86,75,55,92,45,42,87,48,81,83,96,51,41,0,5,0,42,71.76,87,15.24,No
1442,24,Female,7.81,78,92,95,74,84,69,98,62,69,97,62,48,31,48,65,90,93,80,1,4,3,71,73.94,83,9.06,Yes
1443,22,Female,6.54,88,65,53,79,100,40,99,70,42,53,71,99,39,73,84,74,45,50,1,2,0,59,66.82,78,11.18,No
1444,22,Female,6.29,84,43,96,53,58,82,41,42,67,76,84,53,79,36,87,51,82,63,0,3,3,49,64.29,90,25.71,No
1445,24,Female,6.49,92,73,76,74,98,78,68,60,42,87,98,52,41,73,94,69,98,45,0,4,0,68,72.12,84,11.88,No
1446,23,Female,6.34,91,91,97,87,77,56,43,65,84,54,55,92,99,97,98,44,79,100,1,3,3,80,77.53,77,-0.53,No
1447,22,Male,9.01,94,87,60,84,55,98,40,75,93,86,98,96,51,63,80,73,83,65,0,5,5,91,75.71,82,6.29,Yes
1448,20,Female,7.08,97,99,57,59,41,59,58,81,73,43,44,46,61,95,51,61,68,46,0,1,0,90,61.29,89,27.71,No
1449,20,Female,5.76,85,57,44,95,79,63,65,76,55,79,43,54,30,98,82,78,98,96,0,4,1,85,70.12,75,4.88,No
1450,21,Female,9.86,70,79,42,88,56,89,64,92,61,98,60,46,83,84,65,52,69,78,0,2,4,73,70.94,83,12.06,No
1451,22,Male,9.48,94,74,62,52,94,61,49,61,71,55,79,77,87,39,97,96,41,58,1,5,5,76,67.82,87,19.18,No
1452,23,Female,9.67,67,80,65,100,73,68,92,81,100,67,90,73,99,71,65,86,48,45,0,4,5,59,76.65,75,-1.65,No
1453,24,Female,9.98,73,68,76,77,81,61,54,51,77,55,53,80,47,70,81,93,86,82,0,2,0,100,70.12,76,5.88,No
1454,24,Male,6.28,69,91,63,88,99,83,98,81,47,43,78,61,35,98,82,42,41,68,1,4,4,100,70.47,87,16.53,No
1455,23,Female,7.28,61,68,88,85,55,48,61,100,94,84,70,63,74,39,79,99,68,82,1,5,1,47,73.94,82,8.06,No
1456,21,Male,8.91,68,77,58,88,77,76,90,52,47,65,53,88,52,39,70,92,72,78,0,4,5,46,69.06,83,13.94,No
1457,24,Male,8.63,62,81,90,47,99,49,87,50,96,67,45,76,52,89,47,59,49,41,0,3,1,45,66.12,81,14.88,No
1458,22,Male,6.19,80,60,64,82,41,75,60,93,45,71,51,83,55,80,51,70,73,58,0,5,3,50,65.41,90,24.59,No
1459,21,Male,9.17,85,81,60,59,41,76,98,55,53,84,55,40,36,50,95,44,83,43,1,4,4,83,61.94,77,15.06,No
1460,22,Male,6.51,67,52,51,99,65,67,95,47,71,41,56,49,73,37,50,63,94,97,1,1,2,57,65.12,81,15.88,No
1461,20,Female,6.51,61,88,96,72,52,67,61,79,74,70,84,82,56,94,73,79,47,45,1,4,3,90,71.71,80,8.29,No
1462,21,Male,7.92,65,80,100,65,95,81,75,98,49,42,62,55,55,59,76,93,76,88,1,3,4,81,73.47,76,2.53,Yes
1463,24,Male,8.17,87,56,80,78,86,82,73,96,42,93,53,85,65,78,68,72,93,96,1,2,0,96,76.24,77,0.76,Yes
1464,21,Female,8.11,88,95,72,60,70,60,69,79,98,47,100,47,84,38,58,47,99,76,1,2,0,68,70.53,85,14.47,No
1465,21,Male,5.91,85,48,89,92,99,63,64,84,51,63,46,95,93,46,83,63,72,100,1,2,1,64,73.59,87,13.41,No
1466,21,Female,9.45,84,80,92,88,73,81,84,98,88,54,85,88,86,98,46,89,86,67,0,1,5,60,81.35,86,4.65,No
1467,21,Female,6.7,71,40,43,81,78,99,67,41,98,82,71,64,98,87,89,59,45,69,1,3,2,85,71.24,87,15.76,No
1468,22,Female,6.08,64,41,81,82,42,79,40,69,70,70,54,89,90,86,60,99,83,46,0,5,0,42,69.47,84,14.53,No
1469,20,Male,9.5,93,99,96,93,47,41,88,69,68,48,83,51,31,91,78,55,79,48,0,2,4,57,68.53,84,15.47,No
1470,23,Male,9.8,96,87,46,80,62,94,84,51,44,78,56,64,84,81,31,89,84,64,1,3,5,63,69.35,87,17.65,No
1471,21,Male,9.38,74,68,61,48,53,47,43,49,91,84,80,56,67,90,77,91,58,72,0,4,5,86,66.76,86,19.24,No
1472,24,Female,9.14,95,72,94,63,95,87,46,83,64,41,93,99,58,69,43,51,71,40,1,1,4,77,68.76,89,20.24,No
1473,21,Male,8.45,74,49,72,76,94,66,88,50,80,47,86,65,55,67,88,52,66,90,1,3,5,49,70.06,79,8.94,No
1474,24,Male,7.98,82,89,56,88,66,61,48,54,70,46,83,85,64,72,87,84,40,45,1,3,0,66,66.94,84,17.06,No
1475,22,Male,5.89,65,97,63,80,93,76,75,55,60,95,73,87,96,92,87,81,82,57,1,5,4,51,79.35,78,-1.35,No
1476,24,Female,7.34,80,99,100,56,68,66,58,56,97,83,44,53,58,48,80,78,91,49,0,3,4,46,69.65,76,6.35,Yes
1477,23,Female,7.18,82,79,100,63,78,96,40,65,59,90,84,80,63,79,31,64,72,67,1,5,1,56,71.18,78,6.82,No
1478,20,Male,6.67,75,60,73,60,92,68,49,41,78,78,66,75,70,62,70,85,79,50,1,1,2,40,68,86,18,No
1479,24,Male,8.76,74,67,67,90,78,42,75,89,61,81,91,96,70,42,45,71,71,72,1,1,1,97,71.06,82,10.94,No
1480,24,Male,7.73,84,50,97,98,40,83,48,51,43,100,62,62,52,91,33,63,44,40,1,4,2,89,62.18,79,16.82,No
1481,20,Male,5.86,95,94,82,78,56,52,84,90,52,96,79,82,100,72,41,87,56,52,0,5,4,65,73.71,79,5.29,No
1482,23,Female,6.49,70,73,80,94,80,84,85,65,84,55,98,45,32,78,58,86,47,76,1,5,5,54,71.76,87,15.24,No
1483,21,Female,8.57,74,47,78,80,69,49,81,62,81,74,53,86,87,65,36,83,96,59,0,2,2,90,69.76,86,16.24,No
1484,24,Female,5.84,63,98,61,78,92,75,71,57,89,69,54,44,61,39,43,48,81,40,1,2,4,99,64.71,86,21.29,No
1485,20,Female,9.33,80,61,88,52,52,48,71,71,88,49,82,82,60,35,41,79,73,91,0,4,4,72,66.06,84,17.94,No
1486,22,Male,7.73,72,47,56,50,60,93,45,88,59,77,72,64,72,86,34,89,48,42,1,1,1,76,63.65,77,13.35,No
1487,20,Male,7.66,81,88,73,85,58,95,87,77,91,57,92,57,36,30,61,62,95,57,0,2,1,86,70.65,87,16.35,No
1488,22,Male,8.17,78,54,45,58,92,94,77,96,52,89,70,52,30,100,72,89,62,80,0,3,5,70,71.29,82,10.71,No
1489,23,Female,9.21,93,56,85,50,58,66,56,86,56,44,74,82,90,87,98,52,74,53,1,1,3,74,68.65,80,11.35,No
1490,21,Male,7.07,73,99,45,52,96,73,49,42,93,92,56,53,43,50,74,99,89,70,1,3,0,40,69.12,76,6.88,Yes
1491,20,Female,8.55,63,62,73,85,64,90,89,77,75,68,67,67,81,85,38,98,46,66,1,5,3,47,72.41,76,3.59,No
1492,24,Female,8.05,86,63,40,84,61,40,66,42,72,78,58,57,35,49,78,71,54,56,1,1,3,51,59.06,83,23.94,No
1493,23,Male,6.7,88,84,49,40,70,71,93,69,40,99,85,98,39,83,62,89,92,94,1,4,5,98,73.94,87,13.06,No
1494,20,Male,9.45,87,58,60,79,56,64,89,100,54,73,93,99,100,54,47,54,93,85,1,5,2,93,74,81,7,No
1495,24,Male,9.09,94,44,44,83,94,68,74,40,52,82,62,96,59,57,38,75,59,68,0,5,5,96,64.41,84,19.59,No
1496,20,Female,8.46,67,71,41,58,62,46,91,69,56,84,71,67,50,34,91,88,89,75,1,3,5,58,67.24,83,15.76,No
1497,22,Male,9.33,75,83,61,51,71,88,98,84,63,62,79,90,89,50,86,44,64,76,0,5,4,64,72.88,88,15.12,No
1498,20,Female,9.4,95,40,87,47,49,42,60,71,97,44,52,95,92,47,58,61,42,65,1,2,4,96,61.71,90,28.29,No
1499,20,Male,8.69,89,62,96,47,49,59,64,67,47,69,98,66,71,76,54,55,99,92,1,1,4,71,68.88,80,11.12,No
1500,20,Female,9.27,77,76,41,100,75,59,67,60,89,45,59,71,80,99,44,80,94,56,1,2,0,51,70.29,89,18.71,No
